Workbook

Sheet Inputs
A1: Assumptions (blue cells are editable)
A3: Average order value | B3: 450 | C3: Assumption. Instacart has no prices.
A4: Contribution per order | B4: 30 | C4: Assumption. What one order earns after delivery and discounts.
A5: Win-back incentive cost per redeemed order | B5: 75 | C5: Assumption. Coupon value paid only when used.
A6: Message cost per user (push or WhatsApp) | B6: 0.5 | C6: Assumption.
A7: LTV horizon (months) | B7: 12 | C7: Assumption.

Sheet Segments
A1: Segment value. Users, orders per 30 days, and lapse rate come from the data.
A3: Segment | B3: Users | C3: Orders per 30 days | D3: Lapse rate (30+ day gap) | E3: Monthly churn | F3: Contribution per month | G3: LTV over horizon | H3: Max CAC for 3x LTV/CAC | I3: Payback at ₹300 CAC (months) | J3: Share of orders
A4: 1. Weekly regulars | B4: 52554 | C4: 4.074 | D4: 0.0376 | E4: 0.03 | F4: =C4*Inputs!$B$4 | G4: =F4*(1-(1-E4)^Inputs!$B$7)/E4 | H4: =G4/3 | I4: =300/F4 | J4: 0.4892
A5: 2. Fortnightly | B5: 63222 | C5: 2.319 | D5: 0.1163 | E5: 0.06 | F5: =C5*Inputs!$B$4 | G5: =F5*(1-(1-E5)^Inputs!$B$7)/E5 | H5: =G5/3 | I5: =300/F5 | J5: 0.2936
A6: 3. Monthly | B6: 61192 | C6: 1.507 | D6: 0.3022 | E6: 0.12 | F6: =C6*Inputs!$B$4 | G6: =F6*(1-(1-E6)^Inputs!$B$7)/E6 | H6: =G6/3 | I6: =300/F6 | J6: 0.1674
A7: 4. Drifting (30+ day median gap) | B7: 29241 | C7: 1.149 | D7: 0.7382 | E7: 0.25 | F7: =C7*Inputs!$B$4 | G7: =F7*(1-(1-E7)^Inputs!$B$7)/E7 | H7: =G7/3 | I7: =300/F7 | J7: 0.0498
A9: Monthly churn is an assumption: Instacart only shows users up to their last order, so true churn cannot be measured. Replace it with real churn when you have it.

Sheet Channels
A1: Acquisition channels. All figures are illustrative assumptions.
A3: Channel | B3: Spend | C3: Installs | D3: First-order rate | E3: Weekly-regular share | F3: CAC (per first order) | G3: First-order ROAS | H3: 12-month LTV/CAC | I3: Payback (months)
A4: Meta app installs | B4: 500000 | C4: 25000 | D4: 0.18 | E4: 0.2 | F4: =B4/(C4*D4) | G4: =Inputs!$B$3/F4 | H4: =(E4*Segments!$G$4+(1-E4)*AVERAGE(Segments!$G$5:$G$7))/F4 | I4: =F4/((E4*Segments!$G$4+(1-E4)*AVERAGE(Segments!$G$5:$G$7))/Inputs!$B$7)
A5: Google app campaigns | B5: 500000 | C5: 20000 | D5: 0.24 | E5: 0.25 | F5: =B5/(C5*D5) | G5: =Inputs!$B$3/F5 | H5: =(E5*Segments!$G$4+(1-E5)*AVERAGE(Segments!$G$5:$G$7))/F5 | I5: =F5/((E5*Segments!$G$4+(1-E5)*AVERAGE(Segments!$G$5:$G$7))/Inputs!$B$7)
A6: Referral (₹100 each side) | B6: 300000 | C6: 3000 | D6: 0.6 | E6: 0.35 | F6: =B6/(C6*D6) | G6: =Inputs!$B$3/F6 | H6: =(E6*Segments!$G$4+(1-E6)*AVERAGE(Segments!$G$5:$G$7))/F6 | I6: =F6/((E6*Segments!$G$4+(1-E6)*AVERAGE(Segments!$G$5:$G$7))/Inputs!$B$7)
A7: Influencer / content | B7: 200000 | C7: 6000 | D7: 0.15 | E7: 0.15 | F7: =B7/(C7*D7) | G7: =Inputs!$B$3/F7 | H7: =(E7*Segments!$G$4+(1-E7)*AVERAGE(Segments!$G$5:$G$7))/F7 | I7: =F7/((E7*Segments!$G$4+(1-E7)*AVERAGE(Segments!$G$5:$G$7))/Inputs!$B$7)
A10: 12-month LTV/CAC blends the weekly-regular LTV (by weekly-regular share) with the average LTV of the other three segments.

Sheet Win-back
A1: Post-lapse re-habit campaign for weekly and fortnightly users
A3: Eligible users (from data) | B3: 59516 | C3: Weekly or fortnightly users who just came back after a 30+ day gap.
A4: Baseline: next order within 30 days (from data) | B4: 0.8339 | C4: What happens with no campaign.
A5: Lift from the test (absolute) | B5: 0.03 | C5: Use the A/B readout. 3 points is the simulated lift.
A6: Extra orders per retained user over 3 months | B6: 6 | C6: Assumption, roughly 3 months of fortnightly ordering.
A7: Incremental users retained | B7: =B3*B5
A8: Incremental contribution | B8: =B7*B6*Inputs!$B$4
A9: Message cost | B9: =B3*Inputs!$B$6
A10: Incentive cost (all redeemers, incl. those who would return anyway) | B10: =B3*(B4+B5)*Inputs!$B$5 | C10: The real cost of coupons: most redeemers would have ordered anyway.
A11: Net return | B11: =B8-B9-B10
A12: Break-even incentive per redeemed order | B12: =(B8-B9)/(B3*(B4+B5)) | C12: If the coupon costs more than this, the campaign loses money.
